Name,Price,Colors,Gender
Wide High Ankle Jeans,"34,99 €","Blue, Brown, White",Women
Wide High Jeans,"29,99 €","Black, Blue",Women
Wide High Jeans,"29,99 €","Black, Blue, Gray",Women
Wide High Jeans,"29,99 €","Black, Blue",Women
Wide High Jeans,"34,99 €","Black, White",Women
Wide High Ankle Jeans,"34,99 €","Blue, Brown",Women
Wide High Jeans,"29,99 €","Black, Blue, Gray",Women
Skinny High Jeans,"24,99 €","Black, Blue",Women
Slim Mom High Ankle Jeans,"29,99 €","Blue, Gray",Women
Flared High Jeans,"24,99 €","Blue, White",Women
Wide High Jeans,"34,99 €","Black, White",Women
Wide High Jeans,"29,99 €","Black, Blue, White",Women
Flared High Jeans,"29,99 €","Blue, White",Women
Wide High Jeans,"29,99 €","Black, Blue",Women
Wide Ultra High Jeans,"29,99 €","Black, Blue",Women
Slim Mom High Ankle Jeans,"29,99 €","Blue, Gray",Women
Wide Ultra High Jeans,"29,99 €","Black, Blue",Women
Wide Ultra High Jeans,"29,99 €","Black, Blue",Women
Wide Regular Jeans,"29,99 €",Blue,Women
Slim Mom High Ankle Jeans,"29,99 €","Blue, Gray",Women
Wide High Jeans,"29,99 €","Black, Blue",Women
Wide High Jeans,"29,99 €","Black, Blue",Women
Weite Jeans,"29,99 €","Black, Blue",Women
Flared High Jeans,"29,99 €","Blue, White",Women
Wide Ultra High Jeans,"29,99 €","Black, Blue",Women
Wide High Jeans,"29,99 €","Black, Blue, Red",Women
Wide High Jeans,"34,99 €","Black, White",Women
Skinny High Jeans,"24,99 €","Black, Blue",Women
Flared Low Jeans,"22,99 €","Black, Blue",Women
Flared Low Jeans,"29,99 €","Black, Gray",Women
Wide High Ankle Jeans,"34,99 €","Blue, Brown, White",Women
Wide High Ankle Jeans,"34,99 €","Blue, Brown, White",Women
Wide High Jeans,"29,99 €","Black, Blue, Gray",Women
Wide High Jeans,"29,99 €","Black, Blue, Red",Women
Wide High Ankle Jeans,"34,99 €","Black, Blue, Brown",Women
Flared High Jeans,"19,99 €","Gray, White",Women
Weite Jeans,"29,99 €","Black, Blue",Women
Wide High Jeans,"29,99 €","Black, Blue, Gray",Women
Wide High Jeans,"29,99 €","Black, Blue, Red",Women
Straight High Jeans,"39,99 €",Gray,Women
Weite Jeans,"29,99 €","Black, Blue",Women
Wide High Jeans,"29,99 €","Black, Blue, Gray",Women
Weite Jeans,"29,99 €","Black, Blue, White",Women
Weite Jeans,"29,99 €","Black, Blue",Women
Wide Ultra High Jeans,"29,99 €","Blue, White",Women
Wide High Jeans,"29,99 €","Black, Blue, Red",Women
Barrel High Jeans,"39,99 €","Black, Gray",Women
Slim Straight High Ankle Jeans,"29,99 €","Blue, Gray",Women
Wide High Jeans,"29,99 €","Black, Blue, White",Women
Skinny Regular Ankle Jeans,"39,99 €","Black, Gray",Women
Wide Ultra High Jeans,"29,99 €","Black, Blue",Women
Denimhose mit Kordelzug,"24,99 €","Black, Blue",Women
Wide High Jeans,"29,99 €","Black, Blue",Women
True To You Skinny Ultra High Ankle Jeans,"49,99 €",Blue,Women
Denimhose mit Kordelzug,"24,99 €","Black, Blue",Women
Slim Mom High Ankle Jeans,"29,99 €","Black, Blue",Women
Flared Low Jeans,"29,99 €","Black, Gray",Women
Flared High Jeans,"19,99 €","Gray, White",Women
Wide High Jeans,"29,99 €","Black, Blue",Women
Barrel High Jeans,"39,99 €","Black, Gray",Women
Wide Ultra High Jeans,"29,99 €","Blue, White",Women
Barrel High Jeans,"39,99 €","Black, Gray",Women
Denimhose mit Kordelzug,"24,99 €","Black, Blue",Women
Wide High Jeans,"44,99 €","Gray, White",Women
Wide High Jeans,"29,99 €","Black, Blue, Gray",Women
Straight High Jeans,"39,99 €",Gray,Women
Flared Low Jeans,"22,99 €","Black, Blue",Women
Flared High Jeans,"29,99 €",Blue,Women
Weite Jeans,"29,99 €","Black, Blue",Women
Wide Ultra High Jeans,"29,99 €","Black, Blue, Gray",Women
Wide Ultra High Jeans,"29,99 €","Black, Blue, Gray",Women
MAMA Before & After Straight Low Ankle Jeans,"44,99 €",Gray,Women
Straight Regular Jeans,"29,99 €","Black, Blue, Gray",Men
Baggy Jeans,"39,99 €","Blue, Gray",Men
Relaxed Jeans,"34,99 €","Black, Gray",Men
Straight Regular Jeans,"29,99 €","Black, Blue, Gray",Men
Straight Regular Jeans,"29,99 €","Black, Blue, Gray",Men
Loose Jeans,"39,99 €","Black, Gray",Men
Baggy Jeans,"39,99 €","Blue, Gray",Men
Loose Jeans,"39,99 €","Black, Gray",Men
Baggy Jeans,"39,99 €","Blue, Gray",Men
Regular Tapered Jeans,"39,99 €","Black, Blue, Gray",Men
Relaxed Jeans,"34,99 €","Black, Gray",Men
Bootcut Regular Jeans,"49,99 €","Black, Blue",Men
Regular Tapered Jeans,"39,99 €","Black, Blue, Gray",Men
Loose Jeans,"39,99 €","Black, Gray",Men
Straight Regular Jeans,"29,99 €","Black, Blue",Men
Bootcut Regular Jeans,"49,99 €","Black, Blue",Men
Relaxed Jeans,"39,99 €","Black, Blue",Men
Loose Straight Jeans,"39,99 €","Black, Gray",Men
Space Relaxed Straight Leg Jeans,"70,00 €","Black, Blue, Gray",Men
Orbit Mid Waist Regular Straight Leg Jeans,"59,00 €","Blue, Gray",Men
Baggy Jeans,"39,99 €",Blue,Men
MIST Wide Jeans,"129,00 €","Black, Blue, Gray",Men
Straight Loose Lightweight Jeans,"39,99 €","Black, Blue",Men
Relaxed Jeans,"39,99 €","Black, Gray",Men
Astro Loose Baggy Leg Jeans,"70,00 €","Black, Blue, Gray",Men
Regular Jeans,"39,99 €","Black, Blue, Gray",Men
Baggy Jeans,"39,99 €",Black,Men
Super Baggy Jeans,"44,99 €","Black, Blue, Gray",Men
Baggy Jeans,"39,99 €",Black,Men
Super Baggy Jeans,"39,99 €","Black, Blue",Men
Loose Straight Jeans,"39,99 €","Black, Gray",Men
Super Baggy Jeans,"44,99 €","Black, Blue, Gray",Men
Relaxed Jeans,"39,99 €","Black, Blue",Men
Relaxed Jeans,"39,99 €","Black, Blue",Men
Loose Straight Jeans,"39,99 €","Black, Gray",Men
Relaxed Jeans,"39,99 €","Black, Gray",Men
Slim Jeans,"39,99 €",Gray,Men
RIDER JEANS MIT GERADEM BEIN,"99,00 €","Black, Gray, White",Men
CASK JEANS MIT BARREL-BEIN,"99,00 €",Blue,Men
Super Baggy Jeans,"44,99 €","Black, Blue, Gray",Men
Loose Straight Jeans,"39,99 €","Black, Blue",Men
Straight Loose Lightweight Jeans,"39,99 €","Black, Blue",Men
Loose Straight High Jeans,"39,99 €","Gray, White",Men
PIER JEANS MIT SCHMALEM BEIN,"79,00 €",Blue,Men
Slim Jeans,"39,99 €",Gray,Men
Straight Loose Lightweight Jeans,"39,99 €","Black, Blue",Men
Astro Loose Baggy Leg Jeans,"70,00 €","Black, Blue, Gray",Men
Galaxy Loose Straight Leg Jeans,"60,00 €","Black, Blue",Men
MIST Wide Jeans,"129,00 €","Black, Blue, Gray",Men
Barrel Loose Jeans,"44,99 €","Black, Blue",Men
Straight Loose Jeans,"39,99 €","Blue, Brown, Gray",Men
OCEAN Loose Straight Jeans,"89,00 €","Blue, Gray",Men
Space Relaxed Straight Leg Jeans,"70,00 €","Black, Blue, Gray",Men
Loose Fit Jeans,"39,99 €","Blue, Gray",Men
Astro Loose Baggy Leg Jeans,"70,00 €","Black, Blue, Gray",Men
Loose Fit Jeans,"39,99 €","Blue, Gray",Men
Space Relaxed Straight Leg Jeans,"70,00 €","Black, Blue, Gray",Men
Orbit Mid Waist Regular Straight Leg Jeans,"59,00 €","Blue, Gray",Men
SIGNATURE JEANS MIT GERADEM BEIN,"89,00 €","Black, Blue, Gray",Men
RIDER RAW SELVEDGE-JEANS MIT GERADEM BEIN,"129,00 €",Blue,Men
CANYON Bootcut-Jeans mit normaler Passform,"99,00 €",Blue,Men
Straight Loose Jeans,"39,99 €","Blue, Brown, Gray",Men
Space Relaxed Straight Leg Jeans,"70,00 €","Black, Gray",Men
Space Relaxed Straight Leg Jeans,"70,00 €","Black, Gray",Men
Ray Relaxed Tapered Leg Jeans,"60,00 €","Black, Blue",Men
Galaxy Loose Straight Leg Jeans,"60,00 €","Black, Blue",Men
Klean Regular Straight Leg Jeans,"70,00 €",Black,Men
SIGNATURE JEANS MIT GERADEM BEIN,"89,00 €","Black, Blue, Gray",Men
RIDER JEANS MIT GERADEM BEIN,"99,00 €","Black, Gray, White",Men
Loose Straight High Jeans,"39,99 €","Gray, White",Men
Space Relaxed Straight Leg Jeans,"70,00 €","Black, Gray",Men
Mercury Relaxed Bootcut Leg Jeans,"60,00 €","Black, Blue, Gray",Men
Baggy Fit Cargo Jeans,"34,99 €",Blue,Kid
Baggy Fit Low Jeans,"29,99 €",Blue,Kid
Baggy Fit Jeans,"29,99 €","Black, Blue, Gray",Kid
Bootcut Leg Low Jeans,"29,99 €","Black, Blue",Kid
Super Baggy Jeans,"34,99 €","Blue, Gray",Kid
Baggy Fit Bootcut Leg Jeans,"27,99 €","Black, Blue",Kid
Comfort Stretch Slim Fit Jeans,"24,99 €","Blue, Gray",Kid
Baggy Fit Jeans,"29,99 €","Blue, Gray",Kid
Baggy Fit Bootcut Leg Jeans,"34,99 €",Blue,Kid
Wide Leg Jeans,"24,99 €","Black, Blue, Gray",Kid
Loose Fit Jeans,"24,99 €","Black, Blue",Kid
Wide Leg Jeans,"24,99 €","Black, Blue, Gray",Kid
Loose Fit Jeans,"24,99 €","Black, Blue",Kid
Relaxed Tapered Fit Jeans,"24,99 €","Black, Blue, Gray",Kid
Baggy Fit Jeans,"29,99 €","Black, Blue, Gray",Kid
Baggy Fit Bootcut Leg Jeans,"27,99 €","Black, Blue",Kid
Straight Leg Jeans,"27,99 €",Blue,Kid
Baggy Fit Jeans,"29,99 €","Black, Blue, Gray",Kid
Loose Fit Jeans,"24,99 €","Black, Blue",Kid
2er-Pack Comfort Stretch Relaxed Fit Jeans,"49,99 €","Black, Blue, Gray",Kid
Flared Leg Low Jeans,"29,99 €","Blue, Gray",Kid
Bootcut Leg Low Jeans,"29,99 €","Black, Blue",Kid
Wide Leg Jeans,"29,99 €","Black, Blue",Kid
Wide Leg Jeans,"24,99 €","Black, Blue, Gray",Kid
Flared Leg Low Jeans,"29,99 €","Blue, Gray",Kid
Super Baggy Jeans,"34,99 €","Blue, Gray",Kid
Loose Fit Jeans,"39,99 €",Blue,Kid
Baggy Fit Bootcut Leg Jeans,"34,99 €",Blue,Kid
Slim Fit Jeans mit Biesen,"29,99 €",Blue,Kid
Super Baggy Jeans,"34,99 €","Blue, Gray",Kid
Wide Leg Cargo Jeans,"29,99 €","Blue, Gray",Kid
Loose Fit Wide Leg Jeans,"29,99 €",Blue,Kid
Wide Leg Cargo Jeans,"29,99 €","Blue, Gray",Kid
Baggy Fit Carpenter Jeans,"34,99 €","Black, Blue",Kid
Baggy Fit Bootcut Leg Jeans,"34,99 €",Blue,Kid
Jeans mit weitem Bein,"29,99 €","Blue, Gray",Kid
