Product Name,Euro Price,Gender,Color,Company
Drawstring Flowing Trf Denim Trousers,29.95,Female,Blue,Zara
Drawstring Loose-Fitting Denim Trousers,29.95,Female,Black,Zara
Drawstring Loose-Fitting Denim Trousers,29.95,Female,Blue,Zara
High-Waist Barrel Trf Jeans,45.95,Female,Blue,Zara
High-Waist Curved Jeans 50Th Anniversary,49.95,Female,Black,Zara
High-Waist Trf Barrel Jeans,45.95,Female,Blue,Zara
High-Waist Trf Wide-Leg Crossover Waist Jeans,45.95,Female,White,Zara
High-Waist Trf Wide-Leg Crossover Waist Jeans,45.95,Female,Blue,Zara
Jeans Z.02 Straight Ankle High-Waist,32.95,Female,Blue,Zara
Jeans Z.02 Straight Ankle High-Waist,32.95,Female,Green,Zara
Jeans Z.02 Straight Ankle High-Waist,32.95,Female,Brown,Zara
Jeans Z.02 Straight Ankle High-Waist,32.95,Female,Black,Zara
Jeans Z.04 Straight Mid-Waist Full Length,39.95,Female,Blue,Zara
Jeans Z.09 Crossover High-Waist Full Length,45.95,Female,Blue,Zara
Jeans Z.09 Straight Ankle High-Waist Crossover Waist,39.95,Female,Yellow,Zara
Jeans Z.09 Straight Ankle High-Waist Crossover Waist,39.95,Female,Blue,Zara
Jeans Z1975 90'S Straight High-Waist Belt,39.95,Female,Blue,Zara
Jeans Z1975 90'S Straight High-Waist Belted,39.95,Female,Blue,Zara
Jeans Z1975 Straight High-Waist Full Length,45.95,Female,Blue,Zara
Jeans Z1975 Straight Mid-Waist Combined,45.95,Female,Blue,Zara
Jeans Zw Collection Wide Leg High-Waist,39.95,Female,Blue,Zara
Jeans Zw Collection Wide Leg High-Waist,39.95,Female,Black,Zara
Mid-Rise Wide-Leg Trf Jeans,39.95,Female,Brown,Zara
Mid-Rise Wide-Leg Trf Jeans,39.95,Female,Blue,Zara
Mid-Rise Wide-Leg Trf Jeans,39.95,Female,Black,Zara
Trf Baggy Balloon Mid-Waist Jeans,39.95,Female,Blue,Zara
Trf Baggy Balloon Mid-Waist Jeans,39.95,Female,Black,Zara
Trf Cropped Flare High-Waist Jeans,29.95,Female,Blue,Zara
Trf Cropped Flare High-Waist Jeans,29.95,Female,Black,Zara
Trf Cropped Flare High-Waist Jeans,29.95,Female,White,Zara
Trf Denim Trousers With Darts,45.95,Female,Blue,Zara
Trf Extra Wide-Leg High-Waist Jeans,45.95,Female,Blue,Zara
Trf Extra Wide-Leg High-Waist Jeans,45.95,Female,Black,Zara
Trf Low-Rise Wide-Leg Jeans,39.95,Female,Brown,Zara
Trf Low-Rise Wide-Leg Ripped Jeans,39.95,Female,Blue,Zara
Trf Mid-Waist Wide-Leg Jeans,39.95,Female,Blue,Zara
Trf Mid-Waist Wide-Leg Jeans,39.95,Female,Black,Zara
Trf Mom Fit High-Waist Jeans,29.95,Female,White,Zara
Trf Mom Fit High-Waist Jeans,29.95,Female,Blue,Zara
Trf Mom High-Waist Jeans,29.95,Female,Blue,Zara
Trf Mom High-Waist Jeans,29.95,Female,Yellow,Zara
Trf Ripped Wide-Leg Mid-Waist Jeans,39.95,Female,Blue,Zara
Trf Ripped Wide-Leg Mid-Waist Jeans,39.95,Female,Black,Zara
Trf Straight Crop Mid-Waist Jeans,45.95,Female,Blue,Zara
Trf Straight Fold Up Mid-Waist Jeans,29.95,Female,Blue,Zara
Trf Straight Mid-Waist Belted Jeans,45.95,Female,Blue,Zara
Trf Wide-Leg High-Waist Full Length Jeans,39.95,Female,Blue,Zara
Trf Wide-Leg High-Waist Full-Length Jeans,39.95,Female,White,Zara
Trf Wide-Leg High-Waist Jeans,39.95,Female,Black,Zara
Trf Wide-Leg High-Waist Jeans,39.95,Female,Grey,Zara
Trf Wide-Leg High-Waist Jeans,39.95,Female,Blue,Zara
Trf Wide-Leg High-Waist Jeans With Crossover Waist,45.95,Female,Blue,Zara
Trf Wide-Leg High-Waist Jeans With Crossover Waist,45.95,Female,White,Zara
Trf Wide-Leg High-Waist Jeans With Wraparound Waist,45.95,Female,Blue,Zara
Trf Wide-Leg Low-Rise Jeans,39.95,Female,Black,Zara
Trf Wide-Leg Low-Rise Jeans,39.95,Female,Blue,Zara
Trf Wide-Leg Low-Rise Jeans,39.95,Female,White,Zara
Trf Wide-Leg Mid-Rise Full Length Jeans,39.95,Female,Black,Zara
Trf Wide-Leg Mid-Rise Full Length Jeans,39.95,Female,Grey,Zara
Trf Wide-Leg Mid-Waist Jeans,39.95,Female,Grey,Zara
Trf Wide-Leg Mid-Waist Scarf Jeans,45.95,Female,Blue,Zara
Z.01 Mom Fit Comfort High-Waist Jeans,29.95,Female,Blue,Zara
Z.01 Mom Fit Comfort High-Waist Jeans,29.95,Female,Grey,Zara
Z.01 Mom Fit Comfort High-Waist Jeans,29.95,Female,Black,Zara
Z.02 Straight High-Waist Ankle Jeans,32.95,Female,Blue,Zara
Z.10 High-Waist Belted Culottes Jeans,45.95,Female,Brown,Zara
Z.10 High-Waist Belted Culottes Jeans,45.95,Female,Black,Zara
Z.10 High-Waist Belted Culottes Jeans,45.95,Female,Grey,Zara
Z1975 Braided Belt Chino Denim Trousers,29.95,Female,Blue,Zara
Z1975 Contrast Mid-Waist Wide-Leg Jeans,45.95,Female,Green,Zara
Z1975 Denim Joggers,32.95,Female,Grey,Zara
Z1975 High-Waist Bootcut Jeans With Chain Belt,49.95,Female,Blue,Zara
Z1975 High-Waist Mom Jeans,29.95,Female,Grey,Zara
Z1975 High-Waist Mom Jeans,29.95,Female,Black,Zara
Z1975 High-Waist Mom Jeans,29.95,Female,Blue,Zara
Z1975 High-Waist Wide-Leg Jogger Jeans,32.95,Female,Black,Zara
Z1975 Pearlescent Effect Belted Jeans,49.95,Female,White,Zara
Z1975 Slim Fit High-Waist Jeans,29.95,Female,Black,Zara
Z1975 Wide-Leg High-Waist Beaded Jeans,39.95,Female,Black,Zara
Z1975 Wide-Leg High-Waist Combined Jeans,45.95,Female,Blue,Zara
Z1975 Wide-Leg High-Waist Jeans With Crochet Trim,49.95,Female,Blue,Zara
Z1975 Wide-Leg Seam Jeans,32.95,Female,Blue,Zara
Zw Collection Denim Balloon Trousers,49.95,Female,Blue,Zara
Zw Collection Denim Jogger Trousers,45.95,Female,White,Zara
Zw Collection High-Waist Palazzo Jeans,49.95,Female,Blue,Zara
Zw Collection Low-Rise Flare Jeans,55.95,Female,Blue,Zara
Zw Collection Mid-Waist Baggy Jeans,49.95,Female,Black,Zara
Zw Collection Mid-Waist Baggy Jeans,49.95,Female,Blue,Zara
Zw Collection Pleated Cotton Trousers,49.95,Female,Blue,Zara
Zw Collection Pleated Cotton Trousers,49.95,Female,White,Zara
Zw Collection Relaxed Mid-Waist Jeans,49.95,Female,Blue,Zara
Zw Collection Wide-Leg High-Waist Jeans,39.95,Female,White,Zara
Zw Collection Wide-Leg High-Waist Jeans,39.95,Female,Black,Zara
Zw Collection Wide-Leg High-Waist Jeans,39.95,Female,Grey,Zara
Zw Collection Wide-Leg High-Waist Jeans,39.95,Female,Blue,Zara
Baggy Fit Jeans © Otis Kwame Kye Quaicoe,49.95,Male,Blue,Zara
Cropped Wide-Leg Denim Trousers,69.95,Male,Blue,Zara
Denim Cargo Trousers With Pockets,59.95,Male,Black,Zara
Denim Cargo Trousers With Pockets,59.95,Male,Brown,Zara
Denim Cargo Trousers With Pockets,59.95,Male,Green,Zara
Denim Cargo Trousers With Pockets,59.95,Male,Blue,Zara
Denim Chinos Limited Edition,59.95,Male,White,Zara
Flare Fit Jeans,49.95,Male,Black,Zara
Flare Fit Jeans,49.95,Male,Grey,Zara
Flare Fit Jeans,49.95,Male,Blue,Zara
Lightweight Loose Wide-Leg Jeans,39.95,Male,Black,Zara
Lightweight Loose Wide-Leg Jeans,39.95,Male,Blue,Zara
Limited Edition Barrel Fit Jeans,59.95,Male,Brown,Zara
Loose Fit Splatter Jeans,49.95,Male,Grey,Zara
Loose Fit Splatter Jeans,49.95,Male,Blue,Zara
Printed Baggy Fit Jeans,59.95,Male,Blue,Zara
Regular Straight-Leg Jeans,39.95,Male,White,Zara
Relaxed Fit Jeans,59.95,Male,Brown,Zara
Relaxed Fit Jeans,59.95,Male,White,Zara
Relaxed Fit Jogger Jeans,39.95,Male,Blue,Zara
Relaxed Fit Limited Edition Jeans,59.95,Male,Blue,Zara
Ripped Skinny Fit Jeans,49.95,Male,Brown,Zara
Ripped Skinny Fit Jeans,49.95,Male,Blue,Zara
Ripped Skinny Fit Jeans,49.95,Male,Black,Zara
Ripped Skinny Fit Jeans,49.95,Male,Grey,Zara
Ripped Skinny Fit Jeans,49.95,Male,White,Zara
Skinny Cropped Fit Jeans,39.95,Male,Blue,Zara
Skinny Cropped Fit Jeans,39.95,Male,Black,Zara
Slim Fit Cropped Jeans,29.95,Male,Blue,Zara
Slim Fit Cropped Jeans,29.95,Male,Black,Zara
Slim Fit Jeans,29.95,Male,White,Zara
Slim Fit Jeans,29.95,Male,Black,Zara
Slim Fit Jeans,29.95,Male,Blue,Zara
Slim Fit Jeans,29.95,Male,Grey,Zara
Slim Fit Straight-Leg Jeans,59.95,Male,Blue,Zara
Slim Fit Tapered Jeans,39.95,Male,Blue,Zara
Slim Fit Tapered Jeans,39.95,Male,Black,Zara
Slim Fit Tapered Jeans,39.95,Male,Grey,Zara
Straight Ankle Fit Jeans,55.95,Male,White,Zara
Straight Fit Jeans,39.95,Male,Grey,Zara
Straight Fit Jeans,39.95,Male,Black,Zara
Straight Fit Jeans,39.95,Male,Blue,Zara
Timeless Slim Fit Jeans,59.95,Male,Blue,Zara
Washed Effect Carpenter Trousers,49.95,Male,Green,Zara
Wide Baggy Fit Jeans,39.95,Male,Blue,Zara
Fluid Ripped Wide-Leg Jeans,17.95,Kid,Blue,Zara
Lace Culottes Jeans,19.95,Kid,Blue,Zara
Marine Jeans,17.95,Kid,Blue,Zara
Marine Jeans,17.95,Kid,Black,Zara
Floral Twill Marine Trousers,17.95,Kid,Multicolor,Zara
Marine Twill Trousers With Dart Detail,17.95,Kid,Pink,Zara
Marine Twill Trousers With Dart Detail,17.95,Kid,White,Zara
Straight Jeans With Heart Print,19.95,Kid,Blue,Zara
Ribbon Straight-Leg Jeans,19.95,Kid,Blue,Zara
Striped Straight Twill Trousers,19.95,Kid,Pink,Zara
Mom Fit Jeans,16.95,Kid,Black,Zara
Mom Fit Jeans,16.95,Kid,Blue,Zara
Balloon Jeans,17.95,Kid,Blue,Zara
Loose-Fitting Relaxed Fit Denim,16.95,Kid,Blue,Zara
Washed-Effect Twill Balloon Trousers,15.95,Kid,Green,Zara
Washed-Effect Twill Balloon Trousers,15.95,Kid,Grey,Zara
Mickey Mouse © Disney Balloon Twill Trousers,19.95,Kid,Blue,Zara
Mickey Mouse © Disney Balloon Twill Trousers,19.95,Kid,White,Zara
Twill Dungarees With Embroidered Flowers,22.95,Kid,Pink,Zara
Wavy And Floral Embroidered Denim Dungarees,22.95,Kid,Blue,Zara
Striped Twill Dungarees,22.95,Kid,Pink,Zara
Combination Denim Dungarees,19.95,Kid,Blue,Zara
Baggy Denim Trousers,17.95,Kid,Blue,Zara
Twill Cargo Joggers,17.95,Kid,White,Zara
Twill Cargo Joggers,17.95,Kid,Grey,Zara
Basic Denim Leggings,9.95,Kid,Blue,Zara
Basic Denim Leggings,9.95,Kid,Black,Zara
Comfort Cargo Jeans,17.95,Kid,Blue,Zara
Mom Fit Jeans,22.95,Kid,Black,Zara
Mom Fit Jeans,22.95,Kid,Blue,Zara
Barrel Jeans,25.95,Kid,Blue,Zara
Barrel Jeans,25.95,Kid,Blue,Zara
Balloon Jeans,25.95,Kid,Blue,Zara
Faded Wide-Leg Jeans,25.95,Kid,Blue,Zara
Wide-Leg Jeans,25.95,Kid,Grey,Zara
Wide-Leg Jeans,25.95,Kid,Blue,Zara
Star Wide-Leg Jeans,27.95,Kid,Grey,Zara
Wide-Leg Jeans With Embroidered Butterflies,27.95,Kid,Pink,Zara
Kuromi © Sanrio Wide-Leg Denim Trousers,29.95,Kid,Blue,Zara
Wide-Leg Jeans With Star Patches,29.95,Kid,Blue,Zara
Marine Jeans,22.95,Kid,Blue,Zara
Marine Jeans,22.95,Kid,Black,Zara
Marine Jeans,22.95,Kid,Grey,Zara
Marine Jeans,22.95,Kid,Pink,Zara
Wide-Leg Jeans,19.95,Kid,Black,Zara
Wide-Leg Jeans,19.95,Kid,Blue,Zara
Jeans Flare,22.95,Kid,Blue,Zara
Flare Jeans,22.95,Kid,Black,Zara
Frayed Bootcut Jeans,27.95,Kid,Blue,Zara
Wide-Leg Jeans,22.95,Kid,Grey,Zara
Slim Waist Wide-Leg Jeans,22.95,Kid,Blue,Zara
Wide-Leg Drawstring Jeans,22.95,Kid,Grey,Zara
Wide-Leg Jeans,22.95,Kid,Blue,Zara
Basic Skinny Jeans,17.95,Kid,Blue,Zara
Basic Skinny Jeans,17.95,Kid,Black,Zara
Embroidered Straight-Leg Denim Trousers,27.95,Kid,Blue,Zara
Striped Straight-Leg Trousers,25.95,Kid,Pink,Zara
Ripped Wide Leg Jeans,25.95,Kid,Blue,Zara
Straight-Leg Jeans With Hems,25.95,Kid,White,Zara
Wide-Leg Jeans,25.95,Kid,Black,Zara
Flowing Wide-Leg Trousers,19.95,Kid,Blue,Zara
Flowing Wide-Leg Trousers,19.95,Kid,White,Zara
Tie-Dye Wide-Leg Jeans,27.95,Kid,White,Zara
Wide-Leg Jeans,25.95,Kid,White,Zara
Flowing Wide-Leg Trousers,22.95,Kid,White,Zara
Flowing Wide-Leg Trousers,22.95,Kid,Pink,Zara
Ripped Baggy Jeans,17.95,Kid,Blue,Zara
Ripped Baggy Jeans,17.95,Kid,Black,Zara
Mickey Mouse © Disney Patches Twill Baggy Trousers,19.95,Kid,White,Zara
Mickey Mouse © Disney Baggy Jeans,19.95,Kid,Blue,Zara
Cargo Jeans,19.95,Kid,Blue,Zara
Straight Fit Jeans,15.95,Kid,Blue,Zara
Straight Fit Jeans,15.95,Kid,Blue,Zara
Straight Fit Jeans,15.95,Kid,Black,Zara
Straight Fit Jeans,15.95,Kid,Grey,Zara
Balloon Denim Trousers,19.95,Kid,Black,Zara
Balloon Denim Trousers,19.95,Kid,Black,Zara
Washed-Effect Twill Balloon Trousers,15.95,Kid,Grey,Zara
Basic Skinny Jeans,15.95,Kid,Blue,Zara
Basic Skinny Jeans,15.95,Kid,Black,Zara
Striped Straight Twill Trousers,19.95,Kid,Red,Zara
Striped Straight Twill Trousers,19.95,Kid,Red,Zara
Balloon Jeans With Elastic Trim,22.95,Kid,Blue,Zara
Balloon Jeans With Elastic Trim,22.95,Kid,Grey,Zara
Splatter Print Relaxed Balloon Jeans,25.95,Kid,Blue,Zara
Striped Balloon Denim Trousers,25.95,Kid,Blue,Zara
Skinny Fit Jeans,17.95,Kid,Blue,Zara
Skinny Fit Jeans,17.95,Kid,Black,Zara
Ripped Skinny Fit Jeans,19.95,Kid,Blue,Zara
Relaxed Baggy Jeans,22.95,Kid,Blue,Zara
Relaxed Baggy Jeans,22.95,Kid,Grey,Zara
Ripped Relaxed Baggy Jeans,25.95,Kid,Blue,Zara
Barrel Denim Trousers,25.95,Kid,Grey,Zara
Pleated Balloon-Fit Denim Trousers,22.95,Kid,Blue,Zara
Multicargo Jeans,27.95,Kid,Black,Zara
Wide-Fit Jeans With Turn-Up Hems,25.95,Kid,Blue,Zara
Label Denim Long Dungarees,45.95,Kid,Blue,Zara
Carpenter Denim Trousers,22.95,Kid,White,Zara
Loose-Fitting Straight-Leg Jeans,19.95,Kid,Blue,Zara
Baggy Fit Jeans,22.95,Kid,Blue,Zara
Baggy Denim Trousers,25.95,Kid,Blue,Zara
Solal Jeans,316.25,Male,Blue,A.P.C.
Martin Jeans,293.25,Male,Blue,A.P.C.
Martin Jeans,270.25,Male,Black,A.P.C.
Martin Jeans,247.25,Male,Blue,A.P.C.
Martin Jeans,270.25,Male,Blue,A.P.C.
Achille Jeans,316.25,Male,Blue,A.P.C.
Aaron Jeans,270.25,Male,Blue,A.P.C.
Aaron Jeans,293.25,Male,Blue,A.P.C.
Standard Jeans,247.25,Male,Blue,A.P.C.
Petit Standard Jeans,247.25,Male,Blue,A.P.C.
Petit New Standard Jeans,247.25,Male,Blue,A.P.C.
New Standard Jeans,247.25,Male,Blue,A.P.C.
New Standard Jeans,270.25,Male,Black,A.P.C.
New Standard Jeans,270.25,Male,Blue,A.P.C.
Fairfax Jeans,270.25,Male,Blue,A.P.C.
Fairfax Jeans,293.25,Male,Blue,A.P.C.
Fairfax Jeans,293.25,Male,Black,A.P.C.
Fairfax Jeans,316.25,Male,White,A.P.C.
Fergus Jeans,293.25,Male,Blue,A.P.C.
Achille Jeans,270.25,Male,Blue,A.P.C.
Achille Jeans,293.25,Male,Blue,A.P.C.
Achille Jeans,253.06,Male,White,A.P.C.
Martin Jeans,270.25,Male,White,A.P.C.
New Standard Jeans,247.25,Male,Black,A.P.C.
New Standard Jeans,304.75,Male,Blue,A.P.C.
Petit New Standard Jeans,247.25,Male,Black,A.P.C.
Fairfax Jeans,316.25,Male,Blue,A.P.C.
Fairfax Jeans,293.25,Male,Brown,A.P.C.
Fairfax Jeans,293.25,Male,White,A.P.C.
Relaxed Jean H,316.25,Male,Blue,A.P.C.
Emilie Jeans,270.25,Female,Blue,A.P.C.
Romy Jeans,316.25,Female,Blue,A.P.C.
Romy Jeans,316.25,Female,Black,A.P.C.
Romy Jeans,316.25,Female,Red,A.P.C.
Elisabeth Jeans,316.25,Female,Blue,A.P.C.
Elisabeth Jeans,270.25,Female,Blue,A.P.C.
Elisabeth Jeans,293.25,Female,Black,A.P.C.
Elisabeth Jeans,293.25,Female,Blue,A.P.C.
Seaside Jeans,316.25,Female,Blue,A.P.C.
Seaside Jeans,293.25,Female,Black,A.P.C.
Seaside Jeans,270.25,Female,Blue,A.P.C.
Seaside Jeans,293.25,Female,Blue,A.P.C.
New Sailor Jeans,270.25,Female,Black,A.P.C.
New Sailor Jeans,247.25,Female,Blue,A.P.C.
New Sailor Jeans,270.25,Female,Blue,A.P.C.
Elisabeth Jeans,316.25,Female,White,A.P.C.
Standard Jeans,247.25,Female,Blue,A.P.C.
Elisabeth Jeans,304.75,Female,Blue,A.P.C.
Elisabeth Jeans,270.25,Female,White,A.P.C.
Elisabeth Jeans,293.25,Female,Brown,A.P.C.
Elisabeth Jeans,293.25,Female,White,A.P.C.
Seaside Jeans,293.25,Female,White,A.P.C.
New Sailor Jeans,270.25,Female,White,A.P.C.
Naomi Jeans,270.25,Female,Blue,A.P.C.
Wide High Ankle Jeans,34.99,Women,Blue,H&M
Wide High Ankle Jeans,34.99,Women,Brown,H&M
Wide High Ankle Jeans,34.99,Women,White,H&M
Wide High Jeans,29.99,Women,Black,H&M
Wide High Jeans,29.99,Women,Blue,H&M
Wide High Jeans,29.99,Women,Gray,H&M
Wide High Jeans,34.99,Women,Black,H&M
Wide High Jeans,34.99,Women,White,H&M
Skinny High Jeans,24.99,Women,Black,H&M
Skinny High Jeans,24.99,Women,Blue,H&M
Slim Mom High Ankle Jeans,29.99,Women,Blue,H&M
Slim Mom High Ankle Jeans,29.99,Women,Gray,H&M
Flared High Jeans,24.99,Women,Blue,H&M
Flared High Jeans,24.99,Women,White,H&M
Wide High Jeans,29.99,Women,White,H&M
Flared High Jeans,29.99,Women,Blue,H&M
Flared High Jeans,29.99,Women,White,H&M
Wide Ultra High Jeans,29.99,Women,Black,H&M
Wide Ultra High Jeans,29.99,Women,Blue,H&M
Wide Regular Jeans,29.99,Women,Blue,H&M
Weite Jeans,29.99,Women,Black,H&M
Weite Jeans,29.99,Women,Blue,H&M
Wide High Jeans,29.99,Women,Red,H&M
Flared Low Jeans,22.99,Women,Black,H&M
Flared Low Jeans,22.99,Women,Blue,H&M
Flared Low Jeans,29.99,Women,Black,H&M
Flared Low Jeans,29.99,Women,Gray,H&M
Wide High Ankle Jeans,34.99,Women,Black,H&M
Flared High Jeans,19.99,Women,Gray,H&M
Flared High Jeans,19.99,Women,White,H&M
Straight High Jeans,39.99,Women,Gray,H&M
Weite Jeans,29.99,Women,White,H&M
Wide Ultra High Jeans,29.99,Women,White,H&M
Barrel High Jeans,39.99,Women,Black,H&M
Barrel High Jeans,39.99,Women,Gray,H&M
Slim Straight High Ankle Jeans,29.99,Women,Blue,H&M
Slim Straight High Ankle Jeans,29.99,Women,Gray,H&M
Skinny Regular Ankle Jeans,39.99,Women,Black,H&M
Skinny Regular Ankle Jeans,39.99,Women,Gray,H&M
Denimhose Mit Kordelzug,24.99,Women,Black,H&M
Denimhose Mit Kordelzug,24.99,Women,Blue,H&M
True To You Skinny Ultra High Ankle Jeans,49.99,Women,Blue,H&M
Slim Mom High Ankle Jeans,29.99,Women,Black,H&M
Wide High Jeans,44.99,Women,Gray,H&M
Wide High Jeans,44.99,Women,White,H&M
Wide Ultra High Jeans,29.99,Women,Gray,H&M
Mama Before & After Straight Low Ankle Jeans,44.99,Women,Gray,H&M
Straight Regular Jeans,29.99,Men,Black,H&M
Straight Regular Jeans,29.99,Men,Blue,H&M
Straight Regular Jeans,29.99,Men,Gray,H&M
Baggy Jeans,39.99,Men,Blue,H&M
Baggy Jeans,39.99,Men,Gray,H&M
Relaxed Jeans,34.99,Men,Black,H&M
Relaxed Jeans,34.99,Men,Gray,H&M
Loose Jeans,39.99,Men,Black,H&M
Loose Jeans,39.99,Men,Gray,H&M
Regular Tapered Jeans,39.99,Men,Black,H&M
Regular Tapered Jeans,39.99,Men,Blue,H&M
Regular Tapered Jeans,39.99,Men,Gray,H&M
Bootcut Regular Jeans,49.99,Men,Black,H&M
Bootcut Regular Jeans,49.99,Men,Blue,H&M
Relaxed Jeans,39.99,Men,Black,H&M
Relaxed Jeans,39.99,Men,Blue,H&M
Loose Straight Jeans,39.99,Men,Black,H&M
Loose Straight Jeans,39.99,Men,Gray,H&M
Space Relaxed Straight Leg Jeans,70.0,Men,Black,H&M
Space Relaxed Straight Leg Jeans,70.0,Men,Blue,H&M
Space Relaxed Straight Leg Jeans,70.0,Men,Gray,H&M
Orbit Mid Waist Regular Straight Leg Jeans,59.0,Men,Blue,H&M
Orbit Mid Waist Regular Straight Leg Jeans,59.0,Men,Gray,H&M
Mist Wide Jeans,129.0,Men,Black,H&M
Mist Wide Jeans,129.0,Men,Blue,H&M
Mist Wide Jeans,129.0,Men,Gray,H&M
Straight Loose Lightweight Jeans,39.99,Men,Black,H&M
Straight Loose Lightweight Jeans,39.99,Men,Blue,H&M
Relaxed Jeans,39.99,Men,Gray,H&M
Astro Loose Baggy Leg Jeans,70.0,Men,Black,H&M
Astro Loose Baggy Leg Jeans,70.0,Men,Blue,H&M
Astro Loose Baggy Leg Jeans,70.0,Men,Gray,H&M
Regular Jeans,39.99,Men,Black,H&M
Regular Jeans,39.99,Men,Blue,H&M
Regular Jeans,39.99,Men,Gray,H&M
Baggy Jeans,39.99,Men,Black,H&M
Super Baggy Jeans,44.99,Men,Black,H&M
Super Baggy Jeans,44.99,Men,Blue,H&M
Super Baggy Jeans,44.99,Men,Gray,H&M
Super Baggy Jeans,39.99,Men,Black,H&M
Super Baggy Jeans,39.99,Men,Blue,H&M
Slim Jeans,39.99,Men,Gray,H&M
Rider Jeans Mit Geradem Bein,99.0,Men,Black,H&M
Rider Jeans Mit Geradem Bein,99.0,Men,Gray,H&M
Rider Jeans Mit Geradem Bein,99.0,Men,White,H&M
Cask Jeans Mit Barrel-Bein,99.0,Men,Blue,H&M
Loose Straight Jeans,39.99,Men,Blue,H&M
Loose Straight High Jeans,39.99,Men,Gray,H&M
Loose Straight High Jeans,39.99,Men,White,H&M
Pier Jeans Mit Schmalem Bein,79.0,Men,Blue,H&M
Galaxy Loose Straight Leg Jeans,60.0,Men,Black,H&M
Galaxy Loose Straight Leg Jeans,60.0,Men,Blue,H&M
Barrel Loose Jeans,44.99,Men,Black,H&M
Barrel Loose Jeans,44.99,Men,Blue,H&M
Straight Loose Jeans,39.99,Men,Blue,H&M
Straight Loose Jeans,39.99,Men,Brown,H&M
Straight Loose Jeans,39.99,Men,Gray,H&M
Ocean Loose Straight Jeans,89.0,Men,Blue,H&M
Ocean Loose Straight Jeans,89.0,Men,Gray,H&M
Loose Fit Jeans,39.99,Men,Blue,H&M
Loose Fit Jeans,39.99,Men,Gray,H&M
Signature Jeans Mit Geradem Bein,89.0,Men,Black,H&M
Signature Jeans Mit Geradem Bein,89.0,Men,Blue,H&M
Signature Jeans Mit Geradem Bein,89.0,Men,Gray,H&M
Rider Raw Selvedge-Jeans Mit Geradem Bein,129.0,Men,Blue,H&M
Canyon Bootcut-Jeans Mit Normaler Passform,99.0,Men,Blue,H&M
Ray Relaxed Tapered Leg Jeans,60.0,Men,Black,H&M
Ray Relaxed Tapered Leg Jeans,60.0,Men,Blue,H&M
Klean Regular Straight Leg Jeans,70.0,Men,Black,H&M
Mercury Relaxed Bootcut Leg Jeans,60.0,Men,Black,H&M
Mercury Relaxed Bootcut Leg Jeans,60.0,Men,Blue,H&M
Mercury Relaxed Bootcut Leg Jeans,60.0,Men,Gray,H&M
Baggy Fit Cargo Jeans,34.99,Kid,Blue,H&M
Baggy Fit Low Jeans,29.99,Kid,Blue,H&M
Baggy Fit Jeans,29.99,Kid,Black,H&M
Baggy Fit Jeans,29.99,Kid,Blue,H&M
Baggy Fit Jeans,29.99,Kid,Gray,H&M
Bootcut Leg Low Jeans,29.99,Kid,Black,H&M
Bootcut Leg Low Jeans,29.99,Kid,Blue,H&M
Super Baggy Jeans,34.99,Kid,Blue,H&M
Super Baggy Jeans,34.99,Kid,Gray,H&M
Baggy Fit Bootcut Leg Jeans,27.99,Kid,Black,H&M
Baggy Fit Bootcut Leg Jeans,27.99,Kid,Blue,H&M
Comfort Stretch Slim Fit Jeans,24.99,Kid,Blue,H&M
Comfort Stretch Slim Fit Jeans,24.99,Kid,Gray,H&M
Baggy Fit Bootcut Leg Jeans,34.99,Kid,Blue,H&M
Wide Leg Jeans,24.99,Kid,Black,H&M
Wide Leg Jeans,24.99,Kid,Blue,H&M
Wide Leg Jeans,24.99,Kid,Gray,H&M
Loose Fit Jeans,24.99,Kid,Black,H&M
Loose Fit Jeans,24.99,Kid,Blue,H&M
Relaxed Tapered Fit Jeans,24.99,Kid,Black,H&M
Relaxed Tapered Fit Jeans,24.99,Kid,Blue,H&M
Relaxed Tapered Fit Jeans,24.99,Kid,Gray,H&M
Straight Leg Jeans,27.99,Kid,Blue,H&M
2Er-Pack Comfort Stretch Relaxed Fit Jeans,49.99,Kid,Black,H&M
2Er-Pack Comfort Stretch Relaxed Fit Jeans,49.99,Kid,Blue,H&M
2Er-Pack Comfort Stretch Relaxed Fit Jeans,49.99,Kid,Gray,H&M
Flared Leg Low Jeans,29.99,Kid,Blue,H&M
Flared Leg Low Jeans,29.99,Kid,Gray,H&M
Wide Leg Jeans,29.99,Kid,Black,H&M
Wide Leg Jeans,29.99,Kid,Blue,H&M
Loose Fit Jeans,39.99,Kid,Blue,H&M
Slim Fit Jeans Mit Biesen,29.99,Kid,Blue,H&M
Wide Leg Cargo Jeans,29.99,Kid,Blue,H&M
Wide Leg Cargo Jeans,29.99,Kid,Gray,H&M
Loose Fit Wide Leg Jeans,29.99,Kid,Blue,H&M
Baggy Fit Carpenter Jeans,34.99,Kid,Black,H&M
Baggy Fit Carpenter Jeans,34.99,Kid,Blue,H&M
Jeans Mit Weitem Bein,29.99,Kid,Blue,H&M
Jeans Mit Weitem Bein,29.99,Kid,Gray,H&M
